"2013/06/Kafka.jpg"," K.afka",
"2014/02/324000_396864857037138_1166552970_o.jpg","Herz",
"2014/02/Ass_Enter.jpg","Assassination Squad",
"2013/06/Pandaz.jpg","Pandaz",
"2014/01/leeeunsu.jpg","Eunsu Lee","
                                        
                                            
                                        
                                            "
,"PentaSonic","
                                        
                                            
                                        
                                            "
"2014/02/IMG_90481.jpg","MEMEME!","
                                        
                                            
                                        
                                            "
"2014/02/2.jpg","Say Sue Me","
                                        
                                            
                                        
                                            "
"2014/02/131014_cranfield_profile9489-copy.jpg","Cranfield","
                                        
                                            
                                        
                                            "
"2013/06/monobarn.jpg","Monobarn","
                                        
                                            
                                        
                                            "
"2013/06/kuang-Program.jpg","Kuang Program",
"2013/12/activity.jpg","Activity",
"2014/02/1491777_461812397256612_2000216568_n.png","Dead Buttons",
"2013/05/red-bear.jpg","Angry Bear",
"2014/01/1604567_1429596683942728_438270003_n.jpg","So Long, Buffalo",
"2014/01/3.jpg","Ladies",
"2014/01/startline.jpg","Startline",
"2014/01/Sioen-01.jpg","Sioen",
"2013/10/jpg2.jpg","Satellights",
"2014/01/5_4.jpg","FROMM",
"2013/12/1461185_679688752071391_462745854_n.jpg","Jake & the Slut",
"2013/12/logo.jpg","PLASTIC HEART",
"2013/12/2013-09-01_2.jpg","Morrison Hotel",
"2013/12/yamagata.jpg","Yamagata Tweakster",
"2013/06/genius.jpg","GENIUS ( 지니어스 )",
"2013/06/williamstown.png","Williams Town",
"2013/06/Igniter.jpg","Igniter",
"2013/11/1233362_636132466418059_1161894901_n.jpg","Band 11:11",
"2013/06/1111.jpg","11:11",
"2013/11/1461981_662764987096498_60311567_n.jpg","The Dammit Janets",
"2013/11/weeklylineup3.jpg","A Test",
,"Chico Cubo",
"2013/06/HBB.jpg","HarryBigButton",
"2013/06/MF.jpg","Magna Fall",
"2013/11/IMG_4287.jpg","Verity & Ava",
"2013/11/ratios.jpg","The Ratios",
"2013/08/Electricity-flowing.jpg","Electricity Flowing",
"2013/06/4bros.jpg","Four Brothers",
"2013/06/Nuts.jpg","Crying Nut",
"2013/06/ByeByeSea.jpg","Annyeongbada (Bye Bye Sea)",
"2013/10/270624_260438543973610_8352382_n.jpg","The Air Below",
"2013/06/steamboys.jpg","Steamboys",
"2013/10/colours.jpg","Colours",
"2013/10/914086_187232308093092_1492560598_o.jpg","Sehee",
"2013/06/Tierpark.jpg","Tierpark",
"2013/10/IMG_2460_copy.jpg","Hong Gab",
"2013/07/gichi.jpg","Gichii",
"2013/10/Cannibal-Heart-Logo.png","Cannibal Heart",
"2013/09/tablepeople.jpg","Table People",
"2013/10/526911_373821049344278_1185473837_n.jpg","디젤스니커즈 ",
"2013/10/998547_489608284459602_1029050438_n.jpg","Samchung ",
"2013/10/1170855_540582472662367_34615891_n.jpg","Seoul Mothers ",
"2013/10/199114_141124845955719_7764080_n.jpg","GOLDENTICKET ",
"2013/10/mani.jpg","Manixive ",
"2013/10/542565_368342069920413_524798144_n.jpg","BettyAss ",
"2013/10/578819_613135642037191_1336191199_n.jpg","Christfuck ",
"2013/10/535434_507300769308403_846874427_n.jpg","Find the Spot ",
"2013/10/542647_559602840721501_1657469672_n.jpg","Huqueymsaw ",
"2013/10/579784_601014496578975_858354614_n.jpg","SCUMRAID ",
"2013/10/535694_637981272895782_1036293182_n.jpg","The Kitsches ",
"2013/10/263513_153981311339736_3378906_n.jpg","Vicious Glare ",
"2013/10/25481_111071845593307_5070741_n.jpg","Bamseom Pirates",
"2013/10/noeazy.jpg","Noeazy ",
"2013/10/1004528_540305672683907_432235984_n.jpg","Vassline",
"2013/10/602347_370622539695321_532414480_n.jpg","Nahu ",
"2013/10/71887_424774577601700_72444659_n.jpg","Heimlich County Gun Club ",
"2013/10/574676_302281033231222_1088189827_n.jpg","Yuppie Killer ",
"2013/10/208198_448681875170198_1719276800_n.jpg","Animal Anthem",
"2013/10/309154_475435735814412_1912664826_n1.jpg","DinoPunch ",
"2013/10/309154_475435735814412_1912664826_n.jpg","DinoPunch ",
"2013/10/75077_594692747213549_1520262097_n.jpg","Chanter's Alley ",
"2013/06/oops-nice1.jpg","Oops Nice",
"2013/10/SS.jpg","Soul Summit",
"2013/06/Milk.jpg","Kwon Milk & the Greatest Voyage",
"2013/06/Dongmyo-Police-Box.jpg","Dongmyo Police Box",
"2013/10/IMG_4189.jpg","Newton",
"2013/07/one-ndrop-east.jpg","One Drop East",
"2013/06/Rooster.jpg","Rooster Ride",
"2013/10/Tommy6.jpg","Tommysix",
"2013/06/Used-Cassettes.jpg","Used Cassettes",
"2013/06/404.jpg",404,
"2013/07/Bulldog-Mansion.jpg","Bulldog Mansion",
"2013/06/RnR.jpg","Rock 'N' Roll Radio",
"2013/09/Monkeyz.jpg","Monkeyz",
"2013/06/Love-X-Stereo.jpg","Love X Stereo",
"2013/09/Burning.jpg","Burning Hepburn",
"2013/09/yozoh.jpg","Yozoh",
"2013/06/Cizzle.jpg","Cizzle",
"2013/06/Menemaggiy.jpg","Men Ne Maggiy ",
"2013/09/1236333_596259140441207_1752631684_n.jpg","Demicat",
"2013/09/tamavagabond.jpg","Tama & Vagabond",
"2013/09/javo.jpg","Javo Island",
"2013/09/nemesis.jpg","Nemesis",
"2013/06/Norwegian-Wood.jpg","Norwegian Wood",
"2013/06/eighteen-april.jpg","Eighteen April",
"2013/07/seline.jpg","SellinSellySelline",
"2013/07/clamono.jpg","Clamono",
"2013/07/dick.jpg","Dickpunks",
"2013/07/Nell.jpg","Nell",
"2013/07/ubare.jpg","Ubare's Picnic",
"2013/06/9999999.jpg","Tehiun and Purijah",
"2013/09/mushrums.jpg","mushru:ms",
"2013/09/sugar.jpg","Sugarbowl",
"2013/09/jah-mai.jpg","Jah Mai Band",
"2013/09/Husky.jpg","Siberian Husky",
"2013/09/Titan-Slang.png","Titan Slang",
"2013/08/Bard.jpg","Bard",
"2013/08/Rude.jpg","Rude Paper",
"2013/08/Transfixion.jpg","Transfixion",
"2013/08/HumanRace.jpg","Human Race",
"2013/08/WhatEverThatMeans.jpg","...Whatever That Means",
"2013/08/Unchained.jpg","Unchained",
"2013/08/dumbanddumber.jpg","Yeonnam-Dong Dumb & Dumber",
"2013/08/Cockrasher.jpg","The Cockrasher",
"2013/08/icy-cider.jpg","Icy Cider",
"2013/08/Ninano.jpg","Ninano Nanda",
"2013/08/LazyboneNew.jpg","Lazybone",
"2013/08/SeoulRiddimSuperclub.jpg","Seoul Riddim Superclub",
"2013/08/Keyswitch.jpg","Keyswitch",
"2013/08/PeopleandPeople.jpg","People and People",
"2013/08/SummerNeverComes.jpg","Summer Never Comes",
"2013/08/swindlers.jpg","Swindlers",
"2013/08/BurnMyBridges.jpg","Burn My Bridges",
"2013/08/Patients.jpg","PATiENTS",
"2013/06/painters.jpg","Painters",
"2013/08/Losers.jpg","The Losers",
"2013/08/Viva-City.png","Viva City",
"2013/08/Pink-Elephant.jpg","Pink Elephant",
"2013/08/The-MGuys.jpg","The Mguys",
"2013/08/Roundheads.jpg","Roundheads",
"2013/08/Tonics.png"," Tonics",
"2013/08/Ludistelo.png","LudiSTELO",
"2013/08/train.jpg","Gurueung Train",
"2013/08/TheRoosters.jpeg","The Roosters",
"2013/06/The-Veggers.jpg","The Veggers",
"2013/06/Jambinai.jpg","Jambinai",
"2013/08/mustangsally.jpg","Mustang Sally",
"2013/08/Evening.jpg","Evening",
"2013/08/graye.jpeg","Graye",
"2013/08/mintgreen.jpg","Mintgreen",
"2013/08/GreenFlameBoys.jpg","Green Flame Boys",
"2013/08/princess.jpg","Princess Disease",
"2013/08/lightandnoise.jpg","Light And Noise",
"2013/08/oysterboys.jpg","Oyster Boys",
"2013/08/riotkidz.jpg","Riot Kidz",
"2013/08/monkeybeatz.jpg","Monkeaybeatz",
"2013/06/twomyung.jpg","TwoMyung",
"2013/06/Modsdive.jpg","Modsdive",
"2013/08/Itta.jpg","Itta",
"2013/08/Funny-People.jpg","Funny People",
"2013/08/SeoulBluez.jpg","Seoul Bluez",
"2013/08/dabada.jpg","Dabda",
"2013/08/Pavlov.jpg","Pavlov",
"2013/08/beatniks.jpg","Beatniks",
"2013/08/Guten-Birds.jpg","Guten Birds",
"2013/08/telefly.jpg","Telefly",
"2013/08/feverdogs.jpg","Feverdogs",
"2013/08/lobotomy.jpg","Lobotomy",
"2013/08/lips-bite.jpg","Lips Bite",
"2013/06/Space-Papa.jpg","Space Papa",
"2013/06/hail.png","Hail",
"2013/06/Wings-of-the-ISANG.jpg","Wings of the ISANG",
"2013/06/daydream.png","Daydream",
"2013/08/Square-The-Circle.jpg","Square the Circle",
"2013/08/Rainbow-Stage.jpg","Rainbow Stage",
"2013/08/Strangebar.jpg","Strangebar",
"2013/08/BadBlackBones.jpg","Bad Black Bones",
"2013/08/DeepGray.jpg","Deep Gray ",
"2013/08/woojin.jpg","Lim Woojin",
"2013/08/swingnflower.jpg","Swingnflower",
"2013/08/ConicSection.jpg","Conic Section",
"2013/08/partymaker.jpg","Party Maker",
"2013/08/missingl.jpg","Missing Lucille",
"2013/08/giantbear.jpg","Giant Bear",
"2013/08/cryim.jpg","Cryim",
"2013/08/Gutz.jpg","Gutz",
"2013/06/pigibit5.jpg","Pigibit5",
"2013/07/hot-potato.jpg","Hot Potato",
"2013/07/ROTF.jpg","Remnants of the Fallen",
"2013/07/Common-Ground.png","Common Ground",
"2013/07/Broken.jpg","Broken Valentine",
"2013/07/RoseMotel.jpg","Rose Motel",
,,
"2013/07/Kim-Sarang.jpg","Kim Sarang",
"2013/07/Romantick-Punch.jpg","Romantic Punch",
"2013/07/Peppertones.jpg","Peppertones",
"2013/07/Chamkkae-Somsatang.jpg","참깨와 솜사탕",
"2013/07/Bulasazo.jpg","Bulssazo",
"2013/07/MoodSalon.jpg","Mood Salon",
"2013/07/naty.jpg","Naty",
"2013/07/slk.jpg","S.L.K.",
"2013/07/junggigo.jpg","Junggigo",
"2013/07/bonkim.jpg","Bon Kim",
"2013/07/ohjieun.jpg","Jieun Oh",
"2013/07/soran.jpg","Soran",
"2013/07/one-more-chance.jpg","One More Chance",
"2013/07/SALTNPAPER+myk.jpg","Saltnpaper",
"2013/07/Axiz.jpg","Axiz",
"2013/07/choigonne.jpg","Choi Gonne",
"2013/07/broccoli.jpg","Broccoli, You Too?",
"2013/07/Toxic.jpg","Toxic",
"2013/07/NYM.jpg","NYMulgoki",
"2013/07/hippie.jpg","Cosmos Hippie",
"2013/07/Jisu.jpg","Kim Ji-su",
"2013/07/vanillaAc.jpg","Vanilla Acoustic",
"2013/07/raspberry.jpg","Raspberry Field",
"2013/07/Garlixx.jpg","Garlixx",
"2013/07/jpg1.jpg","Wiretap in my Ear",
"2013/07/Freaks.jpg","The Freaks (Yalgaedle )",
"2013/07/new-blue-death.jpg","New Blue Death",
"2013/06/Ironic-Hue.jpg","Ironic Hue ",
"2013/06/Airport.png","From the Airport",
"2013/07/YB.jpg","YB",
"2013/07/ste.jpg","The Studs Lonigan Experience",
"2013/07/the-killer-drones.jpg","The Killer Drones",
"2013/06/livingstonedaisy.png","livingstonedaisy",
"2013/06/holyroute.jpg","Holyroute",
"2013/06/hades.jpg","Hades the Violet",
"2013/06/E.T.jpg","E.T.",
"2013/06/drongo.jpg","Drongo",
"2013/06/dog-last-page.jpg","Dog Last Page",
"2013/06/ATLAT.jpg","ATLAT",
"2013/06/All-For-Nothing.jpg","All For Nothing",
"2013/07/SmackSoft.jpg","SMACKSOFT",
"2013/07/madmans.jpg","Madmans Esprit",
"2013/07/pika.jpg","Pika",
"2013/07/atom-machine.jpg","Atom Machine",
"2013/07/loros.jpg","Loros",
"2013/07/no-respect.jpg","No Respect For Beauty",
"2013/07/Rux.jpg","Rux",
"2013/07/taru.jpg","Taru",
"2013/07/yaya.jpg","Yaya",
"2013/07/Frenzy.jpg","Frenzy",
"2013/07/Loon-And-Listen.jpg","Look and Listen",
"2013/07/nukie.jpg","Nukie",
"2013/07/fellas.jpg","Fellas",
"2013/07/SuriSuri.jpg","Surisuri Mahasuri",
"2013/07/amado.jpg","Amado Leejaram Band",
"2013/07/Sausage.jpg","Bulnabang Star Sausage Club",
"2013/07/wagwak.jpg","Wagwak",
"2013/07/jpg.jpg","Deulgughwa",
"2013/07/fine.jpg","Fine",
"2013/07/mang.jpg","Mang Gag Wha",
"2013/07/delispice.jpg","Deli Spice",
"2013/07/Moonshiners.jpg","The Moonshiners",
"2013/07/asleep-without-dreaming.jpg","Asleep Without Dreaming",
"2013/07/The-Koxx.jpg","The Koxx",
"2013/07/OHBros.jpg","Oh! Brothers",
"2013/07/fastwalkers.jpg","더 파스트워커스",
"2013/07/Mongoose.jpg","Mongoose",
"2013/07/idiotape.jpg","Idiotape",
"2013/07/The-March-Kings.jpg","The March Kings",
"2013/07/veins.jpg","Veins",
"2013/07/Okdal.jpg","Okdal",
"2013/07/Ondahl.jpg","Ondahl",
"2013/07/Neon-Bunny.jpg","Neon Bunny",
"2013/07/achtung.jpg","Achtung",
"2013/07/BeamEyesBeam.jpg","Beam Eyes Beam",
"2013/07/swimmingdoll.jpg","Swimmingdoll",
"2013/06/Mimi.jpg","Mimi Sisters",
"2013/06/BoBae.jpg","Bo Bae",
"2013/06/RossyPP.jpg","Rossy PP",
"2013/06/Coreyah.jpg","Coreyah",
"2013/06/Phone-booth.jpg","Phone Booth",
"2013/06/South-Carnival.jpg","South Carnival",
"2013/06/Ska-wakers.jpg","Ska Wakers",
"2013/06/10cm.jpg","10cm",
"2013/07/WaterSports.jpg","Watersports",
"2013/07/Noisecat.jpg","Noisecat",
"2013/07/Non.jpg","Non",
"2013/07/Swingz.jpg","Swingz",
"2013/06/The-Lads.jpg","The Lads",
"2013/06/CONY.jpg","CONY",
"2013/06/Daeyeon.jpg","Daeyeon Cho",
"2013/06/disfigure.jpg","Disfigure",
"2013/06/the-rub.jpg","The Rub",
"2013/06/sunkyeol.jpg","SunKyeol",
"2013/06/siwa.jpg","Siwa",
"2013/06/slow-dress.jpg","Slow Dress",
"2013/06/Black-Skirts.jpg","The Black Skirts",
"2013/06/Dear-Cloud.jpg","Dear Cloud",
"2013/06/Nine.jpg","Nine9",
"2013/06/9-and-the-numbers.jpg","9 and the Numbers",
"2013/06/rainbow-99.jpg","Rainbow99",
"2013/06/googoleplex.jpg","Googolplex",
"2013/06/The-Geeks.jpg","The Geeks",
"2013/06/Achime.jpg","Achime",
"2013/06/WHOwho.jpg","WHOwho",
"2013/06/Rocket-Diary.jpg","Rocket Diary",
"2013/06/We-are-the-night.jpg","We Are The Night",
"2013/06/UHF.jpg","UHF",
"2013/06/0Sinho.jpg","0Sinho",
"2013/06/jpg1.jpg","Momguamaum",
"2013/06/Muki.jpg","Mukimukimanmansu",
"2013/06/Bye-Bye-badman.jpg","Bye Bye Badman",
"2013/06/kim-tae-chun.jpg","Kim Tae Chun",
"2013/06/kim-il-du.jpg","Kim Il Du",
"2013/06/Hellivision.jpg","Hellivision",
"2013/06/aggudle.jpg","Aggudle",
"2013/06/StereoBay.png","Stereobay",
"2013/06/Lucite-Tokki.jpg","Lucite Tokki",
"2013/06/electric-eels.jpg","Electric Eels",
,"Guckkasten",
"2013/06/3rd-Line-Butterfly.jpg","3rd Line Butterfly",
"2013/06/GoGoStar.jpg","Gogo Star",
"2013/06/mate.jpg","Mate",
"2013/06/Daybreak.jpg","Daybreak",
"2013/06/Ibadi.jpg","Ibadi",
"2013/06/Rapercussion.jpg","Rapercussion",
"2013/06/Bad-Cupid.jpg","Bad Cupid",
"2013/06/No-Reply.jpg","No Reply",
"2013/06/Yukari.jpg","Yukari",
"2013/06/We-Dance.jpg","We Dance",
"2013/06/jpg.jpg","Sumyunband",
"2013/06/danpyunsun.jpg","Danpyunsun",
"2013/06/Strikers.jpg","The Strikers",
"2013/06/SuperKidd.jpg","SuperKidd",
"2013/06/Pia.jpg","Pia",
"2013/06/Monni.jpg","Monni",
"2013/06/Goonam.jpg","Goonamguayeoridingstella (Goonam)",
"2013/06/GateFlowers.jpg","Gate Flowers",
"2013/06/blackdog.jpg","Blackdog",
"2013/06/noxx.jpg","Band Noxx",
"2013/06/AUX.jpg","AUX",
"2013/06/Ashgray.jpg","AshGray",
"2013/06/Amateur-Amplifier.jpg","Amateur Amplifier",
"2013/06/19K.jpg","19K",
"2013/06/13-Dayz.jpg","13 Dayz",
"2013/06/Tyne.jpg","Tyne",
"2013/06/To-My-Last-Breath.jpg","To My Last Breath",
"2013/06/Thornapple.jpg","Thornapple",
"2013/06/Theatre8.jpg","Theatre 8",
"2013/06/The-Vale.jpg","The Vale",
"2013/06/Solutions.jpg","The Solutions",
"2013/06/The-Quip.jpg","The Quip",
"2013/06/Skasucks.jpg","Skasucks",
"2013/06/Romantiqua.jpg","Romantiqua",
"2013/06/Rhyme-Vary.jpg","Rhyme Vary",
"2013/06/No-Brain.jpg","No Brain",
"2013/06/faces.jpg","Jang Kiha and Faces",
"2013/06/Huck-Finn.jpg","Huckleberry Finn",
"2013/06/gogoboys.jpg","Gogoboys",
"2013/06/glen-check.jpg","Glen Check",
"2013/06/MITM.jpg","MITM",
"2013/06/YellMon.jpg","Yellow Monsters",
"2013/06/windy-city.jpg","Windy City",
"2013/06/Tacopy.jpg","Tacopy",
"2013/06/small-o.png","small o",
"2013/06/Sagitta.jpg","Sagitta",
"2013/06/Sae.jpg","Sae",
"2013/06/Ramains.jpg","Remains",
"2013/06/Post-Panic.jpg","PosT PANiC",
"2013/06/Phantomz.jpg","Phantomz",
"2013/06/Panic-Switch.jpg","Panic Switch",
"2013/06/Overseas-Chinese-Culture.jpg","Overseas Chinese Culture",
"2013/06/JoaBand.jpg","Joa Band",
"2013/06/KUMCA.jpg","KUMCA",
"2013/06/sogymo-acacia-band.png","Sogyumo Acacia Band",
"2013/06/Reflex.jpg","Reflex",
"2013/06/Danpyeon-Shortcuts.jpg","Danpyeon Shortcuts",
"2013/06/we-hate-jh.jpg","we hate jh",
"2013/06/Way100SealH.jpg","Way100Seal.H",
"2013/06/Wasted-Johnnys.jpg","Wasted Johnny's ",
"2013/06/Valve-State.jpg","Valve State",
"2013/06/RT.jpg","The RockTigers",
"2013/06/Sultans.jpg","Sultan of the Disco",
"2013/06/PCom.jpg","Peterpan Complex",
"2013/06/on-the-spot.jpg","On The Spot",
"2013/06/Noeasy.jpg","Noeazy",
"2013/06/Ninesin.jpg","Ninesin",
"2013/06/Night-Oclock.jpg","Night O'Clock",
"2013/06/My-Last-Enemy.jpg","My Last Enemy",
"2013/06/Moon4.jpg","Moon4chul",
"2013/06/MoonWhales.jpg","Moon Whales",
"2013/06/Mogavi.jpg","Mogavi",
"2013/06/Midnight-SMokin-Drive.jpg","Midnight Smokin' Drive",
"2013/06/Melting-Pot.jpg","Melting Pot",
"2013/06/Me-Me-Me.jpg","Me Me Me!",
"2013/06/lowdown.jpg","Lowdown 30",
"2013/06/hoochus.jpg","Hoochus",
"2013/06/gomangddola.jpg","gomangddola",
"2013/06/dalmaseonsaeng.jpg","dalmaseonsaeng",
"2013/06/counter.jpg","Counter Reset",
"2013/06/Blue-Paprika-1.jpg","Bluepaprika",
"2013/06/Vanila-City.jpg","Vanila City",
"2013/06/Seogyo-Group-Sound.jpg","Seogyo Group Sound",
"2013/06/Relot.jpg","Relot",
"2013/06/Mintgray.jpg","Mintgray",
"2013/06/Marystory.jpg","Mary Story",
"2013/06/minixive.jpg","Manixive",
"2013/06/Mamalady.jpg","Mamalady",
"2013/06/Litter.jpg","Litter",
"2013/06/Lexit.jpg","Lexit",
"2013/06/Les-Sales.jpg","Les Sales",
"2013/06/laydown.jpg","Laydown",
"2013/06/LastOfTheDieHards.jpg","Last Of The Diehards",
"2013/06/Knave.jpg","Knave",
"2013/06/Hound.jpg","Hound",
"2013/06/Eastern.jpg","Eastern Sidekick",
"2013/06/Damagia.png","Damagia",
"2013/06/blacksmith.jpg","Blacksmith",
"2013/06/bamspicnic.jpg","Bamspicnic",
"2013/06/VendingMachine.jpg","VendingMachine",
"2013/06/Storyseller.jpg","Story seller",
"2013/06/Spotlight.jpg","SpotLight",
"2013/06/Secret-Pub.jpg","Secret Pub",
"2013/06/Water.jpg","Water",
"2013/06/Number-Nine.jpg","Number Nine",
"2013/06/Num1.jpg","No. 1 Korean",
"2013/06/Hologram-Film.jpg","Hologram Film",
"2013/06/Gwamegi.jpg","Gwamegi",
"2013/06/Gray-Way.jpg","Gray Way",
"2013/06/Galaxy.jpg","Galaxy Express",
"2013/06/faulocity.jpg","Faulo City",
"2013/06/Fantastic-Drugstore.jpg","Fantastic Drugstore",
"2013/06/Every-Single-Day.jpg","Every Single Day",
"2013/06/elekstic.jpg","Elekstic",
"2013/06/Crimson-Butterfly-Ensemble.jpg","Crimson Butterfly Ensemble",
"2013/06/Bucket-List.jpg","Bucket List",
"2013/06/BlunT.png","BlunT",
"2013/06/Bimilie.jpg","Bimilie",
"2013/06/Hello-Strange.jpg","Hello Stranger",
"2013/06/vidulgi.jpg","Vidulgi OoyoO",
"2013/06/Kingston.jpg","Kingston Rudieska",
"2013/06/Yokayingun.jpg","Yokayingun",
"2013/06/Toyshop.jpg","Toyshop",
"2013/06/ECE.jpg","ECE ; Emergency Call Equipment",
"2013/06/Diablo.jpg","Diablo",
"2013/06/Design.jpg","Design",
"2013/06/JuckJuck-GRUNZIE.jpg","JuckJuck GRUNZIE",
"2013/06/Teddy-Boys.jpg","Teddy Boys",
"2013/06/TearDrop.jpg","TearDrop",
"2013/06/CoreMagzine.png","Coremagazine",
"2013/06/Combative-Post.jpg","Combative Post",
"2013/06/Quartz.jpg","Quartz",
"2013/06/Black-Bag.jpg","Black Bag",
"2013/06/Asian-Chair-Shot.jpg","Asian Chairshot",
"2013/06/Apollo-18.jpg","Apollo 18",
"2013/06/All-I-Have.jpg","All I Have",
"2013/06/Activers.jpg","Activers",
"2013/06/A-Void.jpg","A-Void ",
"2013/06/24-Hours.jpg","24 Hours",
"2013/06/Ynot.jpg","Ynot?",
"2013/06/13-Steps.jpg","13 Steps",
